002814.jpg,002814.txt
2010_001806.jpg,2010_001806.txt
005559.jpg,005559.txt
003099.jpg,003099.txt
001017.jpg,001017.txt
009053.jpg,009053.txt
2011_001779.jpg,2011_001779.txt
2011_000759.jpg,2011_000759.txt
2009_000744.jpg,2009_000744.txt
2008_002680.jpg,2008_002680.txt
006132.jpg,006132.txt
009257.jpg,009257.txt
2009_000624.jpg,2009_000624.txt
007062.jpg,007062.txt
003958.jpg,003958.txt
2009_000577.jpg,2009_000577.txt
2008_001694.jpg,2008_001694.txt
2011_000129.jpg,2011_000129.txt
2009_001682.jpg,2009_001682.txt
2011_001260.jpg,2011_001260.txt
2008_005193.jpg,2008_005193.txt
003438.jpg,003438.txt
008062.jpg,008062.txt
009025.jpg,009025.txt
002429.jpg,002429.txt
004558.jpg,004558.txt
004299.jpg,004299.txt
005771.jpg,005771.txt
009716.jpg,009716.txt
007089.jpg,007089.txt
2010_003563.jpg,2010_003563.txt
009804.jpg,009804.txt
2008_007561.jpg,2008_007561.txt
2008_001325.jpg,2008_001325.txt
003751.jpg,003751.txt
2008_001083.jpg,2008_001083.txt
2010_005450.jpg,2010_005450.txt
2010_003084.jpg,2010_003084.txt
006909.jpg,006909.txt
009841.jpg,009841.txt
2009_001370.jpg,2009_001370.txt
005004.jpg,005004.txt
007669.jpg,007669.txt
008925.jpg,008925.txt
000383.jpg,000383.txt
008975.jpg,008975.txt
2010_005215.jpg,2010_005215.txt
005302.jpg,005302.txt
007582.jpg,007582.txt
2009_000128.jpg,2009_000128.txt
000516.jpg,000516.txt
2008_008112.jpg,2008_008112.txt
2010_003970.jpg,2010_003970.txt
2009_004150.jpg,2009_004150.txt
002100.jpg,002100.txt
2010_002662.jpg,2010_002662.txt
007751.jpg,007751.txt
005205.jpg,005205.txt
006133.jpg,006133.txt
2009_004956.jpg,2009_004956.txt
005323.jpg,005323.txt
2008_007688.jpg,2008_007688.txt
000887.jpg,000887.txt
2008_007022.jpg,2008_007022.txt
2010_000899.jpg,2010_000899.txt
002259.jpg,002259.txt
2011_001414.jpg,2011_001414.txt
2008_006458.jpg,2008_006458.txt
2008_004357.jpg,2008_004357.txt
006525.jpg,006525.txt
006574.jpg,006574.txt
2008_006071.jpg,2008_006071.txt
2009_002262.jpg,2009_002262.txt
2008_000851.jpg,2008_000851.txt
002525.jpg,002525.txt
000707.jpg,000707.txt
2008_007227.jpg,2008_007227.txt
2010_004521.jpg,2010_004521.txt
2009_003865.jpg,2009_003865.txt
001427.jpg,001427.txt
2011_000845.jpg,2011_000845.txt
2008_007893.jpg,2008_007893.txt
002751.jpg,002751.txt
2010_001941.jpg,2010_001941.txt
2008_008632.jpg,2008_008632.txt
003363.jpg,003363.txt
2011_000178.jpg,2011_000178.txt
2009_002893.jpg,2009_002893.txt
008870.jpg,008870.txt
005824.jpg,005824.txt
2010_004322.jpg,2010_004322.txt
2008_001516.jpg,2008_001516.txt
006866.jpg,006866.txt
2010_001828.jpg,2010_001828.txt
2011_001727.jpg,2011_001727.txt
2009_001853.jpg,2009_001853.txt
2009_001366.jpg,2009_001366.txt
2009_005272.jpg,2009_005272.txt
2010_002972.jpg,2010_002972.txt
2010_003848.jpg,2010_003848.txt
003637.jpg,003637.txt
2010_005684.jpg,2010_005684.txt
000884.jpg,000884.txt
2011_000428.jpg,2011_000428.txt
000566.jpg,000566.txt
2008_008212.jpg,2008_008212.txt
003042.jpg,003042.txt
004423.jpg,004423.txt
009181.jpg,009181.txt
2010_001795.jpg,2010_001795.txt
2008_001391.jpg,2008_001391.txt
008901.jpg,008901.txt
001937.jpg,001937.txt
2009_002635.jpg,2009_002635.txt
009821.jpg,009821.txt
000998.jpg,000998.txt
001762.jpg,001762.txt
2009_000105.jpg,2009_000105.txt
004689.jpg,004689.txt
2008_004278.jpg,2008_004278.txt
2009_003234.jpg,2009_003234.txt
001474.jpg,001474.txt
006828.jpg,006828.txt
2011_001466.jpg,2011_001466.txt
2010_001514.jpg,2010_001514.txt
000339.jpg,000339.txt
007087.jpg,007087.txt
2008_000959.jpg,2008_000959.txt
003203.jpg,003203.txt
2009_001922.jpg,2009_001922.txt
2008_008735.jpg,2008_008735.txt
007942.jpg,007942.txt
004819.jpg,004819.txt
005169.jpg,005169.txt
008431.jpg,008431.txt
004082.jpg,004082.txt
2009_001306.jpg,2009_001306.txt
2008_007378.jpg,2008_007378.txt
2010_004998.jpg,2010_004998.txt
000152.jpg,000152.txt
001349.jpg,001349.txt
001347.jpg,001347.txt
000576.jpg,000576.txt
2008_001860.jpg,2008_001860.txt
000684.jpg,000684.txt
002337.jpg,002337.txt
2008_003295.jpg,2008_003295.txt
2011_000641.jpg,2011_000641.txt
2010_004010.jpg,2010_004010.txt
007810.jpg,007810.txt
006505.jpg,006505.txt
004569.jpg,004569.txt
2010_004031.jpg,2010_004031.txt
2008_000346.jpg,2008_000346.txt
2010_004208.jpg,2010_004208.txt
005800.jpg,005800.txt
008237.jpg,008237.txt
2010_003670.jpg,2010_003670.txt
009361.jpg,009361.txt
2009_004200.jpg,2009_004200.txt
2008_005071.jpg,2008_005071.txt
2009_004307.jpg,2009_004307.txt
004843.jpg,004843.txt
2010_000635.jpg,2010_000635.txt
009511.jpg,009511.txt
006165.jpg,006165.txt
2008_000790.jpg,2008_000790.txt
2010_001803.jpg,2010_001803.txt
2009_004370.jpg,2009_004370.txt
2010_005938.jpg,2010_005938.txt
2009_001448.jpg,2009_001448.txt
2010_002154.jpg,2010_002154.txt
2008_008152.jpg,2008_008152.txt
004733.jpg,004733.txt
2008_003395.jpg,2008_003395.txt
000096.jpg,000096.txt
2011_003188.jpg,2011_003188.txt
004827.jpg,004827.txt
2010_006009.jpg,2010_006009.txt
2008_006623.jpg,2008_006623.txt
2010_005678.jpg,2010_005678.txt
2011_001962.jpg,2011_001962.txt
2009_003783.jpg,2009_003783.txt
005979.jpg,005979.txt
2010_003122.jpg,2010_003122.txt
005220.jpg,005220.txt
001332.jpg,001332.txt
008792.jpg,008792.txt
2010_002469.jpg,2010_002469.txt
006197.jpg,006197.txt
2008_003774.jpg,2008_003774.txt
2011_002554.jpg,2011_002554.txt
005433.jpg,005433.txt
2011_001001.jpg,2011_001001.txt
003448.jpg,003448.txt
002514.jpg,002514.txt
003148.jpg,003148.txt
000608.jpg,000608.txt
2008_006828.jpg,2008_006828.txt
004584.jpg,004584.txt
2010_003925.jpg,2010_003925.txt
008143.jpg,008143.txt
002785.jpg,002785.txt
2008_001390.jpg,2008_001390.txt
009561.jpg,009561.txt
2008_004460.jpg,2008_004460.txt
2009_004841.jpg,2009_004841.txt
2010_001023.jpg,2010_001023.txt
004386.jpg,004386.txt
008205.jpg,008205.txt
2008_000041.jpg,2008_000041.txt
001676.jpg,001676.txt
008907.jpg,008907.txt
006524.jpg,006524.txt
2008_005045.jpg,2008_005045.txt
003145.jpg,003145.txt
000953.jpg,000953.txt
2011_001972.jpg,2011_001972.txt
2009_003110.jpg,2009_003110.txt
007251.jpg,007251.txt
2009_002470.jpg,2009_002470.txt
003003.jpg,003003.txt
002598.jpg,002598.txt
2008_005792.jpg,2008_005792.txt
002843.jpg,002843.txt
004718.jpg,004718.txt
2011_000112.jpg,2011_000112.txt
2010_002070.jpg,2010_002070.txt
003067.jpg,003067.txt
2009_003487.jpg,2009_003487.txt
000227.jpg,000227.txt
2008_007977.jpg,2008_007977.txt
2011_001424.jpg,2011_001424.txt
2010_004804.jpg,2010_004804.txt
2010_000907.jpg,2010_000907.txt
2011_001022.jpg,2011_001022.txt
004536.jpg,004536.txt
2008_005523.jpg,2008_005523.txt
006964.jpg,006964.txt
004824.jpg,004824.txt
2008_004935.jpg,2008_004935.txt
2010_001292.jpg,2010_001292.txt
2010_004942.jpg,2010_004942.txt
2008_000371.jpg,2008_000371.txt
2008_000609.jpg,2008_000609.txt
002090.jpg,002090.txt
2010_000849.jpg,2010_000849.txt
2008_002239.jpg,2008_002239.txt
006007.jpg,006007.txt
2008_000817.jpg,2008_000817.txt
2008_008335.jpg,2008_008335.txt
2010_002695.jpg,2010_002695.txt
008863.jpg,008863.txt
006947.jpg,006947.txt
2008_000271.jpg,2008_000271.txt
005973.jpg,005973.txt
2010_004361.jpg,2010_004361.txt
002203.jpg,002203.txt
009918.jpg,009918.txt
007324.jpg,007324.txt
2009_001505.jpg,2009_001505.txt
2011_000951.jpg,2011_000951.txt
2008_004462.jpg,2008_004462.txt
2011_002016.jpg,2011_002016.txt
2009_002752.jpg,2009_002752.txt
001740.jpg,001740.txt
2010_003994.jpg,2010_003994.txt
001904.jpg,001904.txt
004846.jpg,004846.txt
001443.jpg,001443.txt
008956.jpg,008956.txt
005761.jpg,005761.txt
000236.jpg,000236.txt
2011_002555.jpg,2011_002555.txt
2010_003102.jpg,2010_003102.txt
2009_000825.jpg,2009_000825.txt
000804.jpg,000804.txt
001435.jpg,001435.txt
2008_000405.jpg,2008_000405.txt
2009_005120.jpg,2009_005120.txt
2011_003261.jpg,2011_003261.txt
003673.jpg,003673.txt
000568.jpg,000568.txt
2011_002618.jpg,2011_002618.txt
000781.jpg,000781.txt
000015.jpg,000015.txt
2009_002530.jpg,2009_002530.txt
2010_004941.jpg,2010_004941.txt
2010_000874.jpg,2010_000874.txt
005416.jpg,005416.txt
003844.jpg,003844.txt
2009_004438.jpg,2009_004438.txt
2009_004199.jpg,2009_004199.txt
2008_006007.jpg,2008_006007.txt
2008_006233.jpg,2008_006233.txt
2008_002542.jpg,2008_002542.txt
2009_003369.jpg,2009_003369.txt
2009_003277.jpg,2009_003277.txt
004557.jpg,004557.txt
2008_003271.jpg,2008_003271.txt
005648.jpg,005648.txt
003170.jpg,003170.txt
2010_001148.jpg,2010_001148.txt
2010_002321.jpg,2010_002321.txt
2009_004667.jpg,2009_004667.txt
009277.jpg,009277.txt
2008_007669.jpg,2008_007669.txt
2008_001737.jpg,2008_001737.txt
005931.jpg,005931.txt
2008_000042.jpg,2008_000042.txt
2009_005150.jpg,2009_005150.txt
2009_002998.jpg,2009_002998.txt
2010_000054.jpg,2010_000054.txt
2009_002238.jpg,2009_002238.txt
001787.jpg,001787.txt
2008_001379.jpg,2008_001379.txt
2009_003193.jpg,2009_003193.txt
2008_005319.jpg,2008_005319.txt
006767.jpg,006767.txt
001096.jpg,001096.txt
2008_001068.jpg,2008_001068.txt
2009_001070.jpg,2009_001070.txt
005092.jpg,005092.txt
2008_005979.jpg,2008_005979.txt
005645.jpg,005645.txt
2009_005172.jpg,2009_005172.txt
2008_006497.jpg,2008_006497.txt
007101.jpg,007101.txt
2008_002817.jpg,2008_002817.txt
2008_007069.jpg,2008_007069.txt
2008_007827.jpg,2008_007827.txt
2011_002579.jpg,2011_002579.txt
008685.jpg,008685.txt
004136.jpg,004136.txt
2008_005847.jpg,2008_005847.txt
008245.jpg,008245.txt
009772.jpg,009772.txt
003682.jpg,003682.txt
006929.jpg,006929.txt
2011_000679.jpg,2011_000679.txt
004374.jpg,004374.txt
2008_006271.jpg,2008_006271.txt
2010_000020.jpg,2010_000020.txt
2008_006369.jpg,2008_006369.txt
005200.jpg,005200.txt
000706.jpg,000706.txt
004117.jpg,004117.txt
002193.jpg,002193.txt
004882.jpg,004882.txt
001941.jpg,001941.txt
2008_006969.jpg,2008_006969.txt
2009_000782.jpg,2009_000782.txt
2009_001514.jpg,2009_001514.txt
2009_002399.jpg,2009_002399.txt
005141.jpg,005141.txt
007648.jpg,007648.txt
2008_008684.jpg,2008_008684.txt
2010_001951.jpg,2010_001951.txt
2009_001675.jpg,2009_001675.txt
2008_003496.jpg,2008_003496.txt
2010_005606.jpg,2010_005606.txt
2010_001201.jpg,2010_001201.txt
007466.jpg,007466.txt
007060.jpg,007060.txt
2011_002571.jpg,2011_002571.txt
2008_000732.jpg,2008_000732.txt
005126.jpg,005126.txt
008404.jpg,008404.txt
004941.jpg,004941.txt
007568.jpg,007568.txt
008258.jpg,008258.txt
2008_000588.jpg,2008_000588.txt
2010_000449.jpg,2010_000449.txt
002553.jpg,002553.txt
002017.jpg,002017.txt
001387.jpg,001387.txt
004062.jpg,004062.txt
2009_004913.jpg,2009_004913.txt
2009_004812.jpg,2009_004812.txt
2010_000178.jpg,2010_000178.txt
007077.jpg,007077.txt
005199.jpg,005199.txt
2009_002725.jpg,2009_002725.txt
2009_004974.jpg,2009_004974.txt
005002.jpg,005002.txt
003699.jpg,003699.txt
2008_003088.jpg,2008_003088.txt
2009_000182.jpg,2009_000182.txt
2011_000784.jpg,2011_000784.txt
2009_004409.jpg,2009_004409.txt
001894.jpg,001894.txt
2008_001475.jpg,2008_001475.txt
2010_000968.jpg,2010_000968.txt
001151.jpg,001151.txt
006300.jpg,006300.txt
001770.jpg,001770.txt
005698.jpg,005698.txt
2009_000831.jpg,2009_000831.txt
2008_004147.jpg,2008_004147.txt
007452.jpg,007452.txt
005775.jpg,005775.txt
2010_005777.jpg,2010_005777.txt
2010_002615.jpg,2010_002615.txt
2009_003992.jpg,2009_003992.txt
2008_007225.jpg,2008_007225.txt
2010_004256.jpg,2010_004256.txt
001253.jpg,001253.txt
006657.jpg,006657.txt
008894.jpg,008894.txt
001498.jpg,001498.txt
000513.jpg,000513.txt
2008_004898.jpg,2008_004898.txt
003219.jpg,003219.txt
008947.jpg,008947.txt
009876.jpg,009876.txt
2008_007604.jpg,2008_007604.txt
2008_002117.jpg,2008_002117.txt
009707.jpg,009707.txt
2008_003984.jpg,2008_003984.txt
000988.jpg,000988.txt
2010_004556.jpg,2010_004556.txt
002616.jpg,002616.txt
2008_008048.jpg,2008_008048.txt
002773.jpg,002773.txt
005905.jpg,005905.txt
2009_001282.jpg,2009_001282.txt
2008_007409.jpg,2008_007409.txt
2010_003539.jpg,2010_003539.txt
2008_002566.jpg,2008_002566.txt
2008_008593.jpg,2008_008593.txt
2010_002497.jpg,2010_002497.txt
2010_004830.jpg,2010_004830.txt
2010_002370.jpg,2010_002370.txt
000525.jpg,000525.txt
003652.jpg,003652.txt
2008_001905.jpg,2008_001905.txt
2008_007788.jpg,2008_007788.txt
2008_004692.jpg,2008_004692.txt
006584.jpg,006584.txt
2011_000315.jpg,2011_000315.txt
2010_004211.jpg,2010_004211.txt
2008_005254.jpg,2008_005254.txt
006768.jpg,006768.txt
009736.jpg,009736.txt
2008_008093.jpg,2008_008093.txt
2011_003259.jpg,2011_003259.txt
2010_001796.jpg,2010_001796.txt
2010_000381.jpg,2010_000381.txt
002446.jpg,002446.txt
2009_003608.jpg,2009_003608.txt
2010_004712.jpg,2010_004712.txt
2009_005219.jpg,2009_005219.txt
2008_003452.jpg,2008_003452.txt
009135.jpg,009135.txt
2010_000249.jpg,2010_000249.txt
2008_003667.jpg,2008_003667.txt
2011_001904.jpg,2011_001904.txt
000957.jpg,000957.txt
2010_002460.jpg,2010_002460.txt
008781.jpg,008781.txt
2008_004471.jpg,2008_004471.txt
002757.jpg,002757.txt
006388.jpg,006388.txt
007813.jpg,007813.txt
001150.jpg,001150.txt
007289.jpg,007289.txt
003062.jpg,003062.txt
002986.jpg,002986.txt
2009_002324.jpg,2009_002324.txt
2010_001729.jpg,2010_001729.txt
003065.jpg,003065.txt
005109.jpg,005109.txt
2011_000692.jpg,2011_000692.txt
2008_001997.jpg,2008_001997.txt
002779.jpg,002779.txt
2009_000342.jpg,2009_000342.txt
006432.jpg,006432.txt
003617.jpg,003617.txt
2010_003828.jpg,2010_003828.txt
001804.jpg,001804.txt
001186.jpg,001186.txt
007924.jpg,007924.txt
005736.jpg,005736.txt
006471.jpg,006471.txt
2008_001404.jpg,2008_001404.txt
2010_002361.jpg,2010_002361.txt
007094.jpg,007094.txt
005922.jpg,005922.txt
2009_002512.jpg,2009_002512.txt
2009_003784.jpg,2009_003784.txt
2008_000825.jpg,2008_000825.txt
2009_001107.jpg,2009_001107.txt
007445.jpg,007445.txt
2010_004588.jpg,2010_004588.txt
2009_003663.jpg,2009_003663.txt
2010_004741.jpg,2010_004741.txt
008316.jpg,008316.txt
006137.jpg,006137.txt
005608.jpg,005608.txt
004670.jpg,004670.txt
